sample_id,iterations_to_verify,final_verdict,epr_history_explainer,epr_history_verifier,xai_method,llm_pair,Mutated
error_6_InsertHallucination,2,accept,"[0.6507706046104431, 0.232365220785141, 0.40554413199424744]","[1.0260440111160278, 0.7679626941680908, 0.8386963605880737]",Integrated Gradients,deepseek_gpt,False
error_90_OmitFeature,1,accept,"[0.5491134524345398, 0.6407448649406433]","[0.9145941138267517, 1.026658535003662]",Integrated Gradients,deepseek_gpt,False
error_24_OmitFeature,1,accept,"[0.6535704731941223, 0.32127365469932556]","[0.9201692342758179, 0.6635940670967102]",EBM,deepseek_gpt,False
error_135_OmitFeature,1,accept,"[0.6142699122428894, 0.4879569709300995]","[1.0522948503494263, 0.9644206762313843]",LIME,deepseek_gpt,False
error_102_InsertHallucination,9,accept,"[0.5863969922065735, 0.47294503450393677, 0.33212053775787354, 0.09469658881425858, 0.5821104049682617, 0.28002578020095825, 0.14731040596961975, 0.39503392577171326, 0.49542537331581116, 0.3282293975353241]","[1.1259504556655884, 1.190748929977417, 1.2916672229766846, 1.1646246910095215, 1.2218246459960938, 0.8895232677459717, 0.9590153098106384, 1.4036836624145508, 1.3300056457519531, 1.0963815450668335]",LIME,deepseek_gpt,False
error_156_InsertHallucination,2,accept,"[0.5360706448554993, 0.24268679320812225, 0.16397912800312042]","[1.1420395374298096, 0.834964394569397, 0.9065666198730469]",LIME,deepseek_gpt,False
error_153_InsertHallucination,1,accept,"[0.5279865264892578, 0.30060720443725586]","[0.9175578355789185, 0.9688073992729187]",Integrated Gradients,deepseek_gpt,False
error_145_InsertHallucination,4,accept,"[0.6553198099136353, 0.25627601146698, 0.6900553703308105, 0.4465138912200928, 0.3645005226135254]","[1.1672018766403198, 1.413989782333374, 1.20706307888031, 1.1874942779541016, 0.9479679465293884]",Integrated Gradients,deepseek_gpt,False
error_21_InsertHallucination,5,accept,"[0.6581094861030579, 0.4510592520236969, 0.5196774005889893, 0.5853884220123291, 0.47799840569496155, 0.4549475908279419]","[1.1261253356933594, 1.091286063194275, 1.1598048210144043, 1.2066346406936646, 1.0461914539337158, 1.0122157335281372]",LIME,deepseek_gpt,False
error_49_InsertHallucination,1,accept,"[0.7964945435523987, 0.44424203038215637]","[0.9860280156135559, 1.0195159912109375]",Integrated Gradients,deepseek_gpt,False
error_31_SwapMinorFeature,3,accept,"[0.6781699061393738, 0.5314109325408936, 0.3568021357059479, 0.6229496002197266]","[0.9932262301445007, 0.9111204147338867, 1.2612375020980835, 0.8293094038963318]",Integrated Gradients,deepseek_gpt,False
error_167_InsertHallucination,1,accept,"[0.7793858647346497, 0.6315227746963501]","[0.922748327255249, 0.9966170191764832]",Integrated Gradients,deepseek_gpt,False
error_132_InsertHallucination,1,accept,"[0.5727716088294983, 0.3609045445919037]","[1.1368271112442017, 0.6916247010231018]",Integrated Gradients,deepseek_gpt,False
error_190_SwapMinorFeature,1,accept,"[0.48472630977630615, 0.24494728446006775]","[0.7526945471763611, 0.9171812534332275]",EBM,deepseek_gpt,False
error_27_InsertHallucination,1,accept,"[0.509835958480835, 0.3028906285762787]","[1.1259996891021729, 0.9599636793136597]",LIME,deepseek_gpt,False
error_32_InsertHallucination,1,accept,"[0.6232516765594482, 0.6212199330329895]","[1.123847246170044, 0.7917078137397766]",Integrated Gradients,deepseek_gpt,False
error_175_InsertHallucination,1,accept,"[0.6422989964485168, 0.6062763929367065]","[0.8665634989738464, 0.7537009716033936]",Grad-Cam++,deepseek_gpt,False
error_84_NegateRelation,2,accept,"[0.7103582620620728, 0.4957978129386902, 0.6406042575836182]","[1.0341395139694214, 1.1944069862365723, 0.5743380188941956]",Integrated Gradients,deepseek_gpt,False
error_186_InsertHallucination,7,accept,"[0.5134299993515015, 0.45400992035865784, 0.6045154333114624, 0.46114856004714966, 0.4264853894710541, 0.413962185382843, 0.26907268166542053, 0.3923709988594055]","[1.1017329692840576, 1.2851483821868896, 1.1193037033081055, 0.5978425741195679, 1.006394863128662, 1.221896767616272, 1.0195263624191284, 0.9908398389816284]",Integrated Gradients,deepseek_gpt,False
error_91_OmitFeature,3,accept,"[0.5435097217559814, 0.5346463918685913, 0.6553348302841187, 0.17796248197555542]","[1.14336359500885, 1.029170036315918, 1.135679006576538, 0.9317944049835205]",LIME,deepseek_gpt,False
error_38_InsertHallucination,1,accept,"[0.4889199435710907, 0.6560757160186768]","[1.1878387928009033, 1.0001068115234375]",LIME,deepseek_gpt,False
error_3_InsertHallucination,3,accept,"[0.6527761220932007, 0.40249255299568176, 0.6110600829124451, 0.5539137721061707]","[0.8115894198417664, 1.1867876052856445, 0.9248232841491699, 1.0559279918670654]",Integrated Gradients,deepseek_gpt,False
error_107_InsertHallucination,1,accept,"[0.6039162874221802, 0.6339882016181946]","[1.0174823999404907, 0.8382814526557922]",Integrated Gradients,deepseek_gpt,False
error_113_OmitFeature,2,accept,"[0.6549603343009949, 0.6265518069267273, 0.48246756196022034]","[0.9873499274253845, 1.067420482635498, 0.9407851099967957]",LIME,deepseek_gpt,False
error_41_InsertHallucination,1,accept,"[0.7103382349014282, 0.4060128331184387]","[0.7701973915100098, 0.7979448437690735]",Integrated Gradients,deepseek_gpt,False
error_5_OmitFeature,2,accept,"[0.5135370492935181, 0.36301445960998535, 0.3239271938800812]","[0.8231056332588196, 0.9153722524642944, 0.9118468761444092]",EBM,deepseek_gpt,False
error_118_OmitFeature,1,accept,"[0.6120598912239075, 0.30160120129585266]","[1.1098328828811646, 1.118068814277649]",LIME,deepseek_gpt,False
error_72_InsertHallucination,2,accept,"[0.7027158737182617, 0.44792643189430237, 0.537365198135376]","[1.1156660318374634, 1.019202709197998, 0.8155986070632935]",Integrated Gradients,deepseek_gpt,False
error_180_InsertHallucination,1,accept,"[0.7844375371932983, 0.6994750499725342]","[1.2091578245162964, 1.1268640756607056]",Integrated Gradients,deepseek_gpt,False
error_45_InsertHallucination,1,accept,"[0.6419733166694641, 0.41718289256095886]","[0.9866284132003784, 0.8547552824020386]",EBM,deepseek_gpt,False
error_76_InsertHallucination,3,accept,"[0.6291810274124146, 0.556432843208313, 0.3821219205856323, 0.4609558582305908]","[0.91440749168396, 1.3093061447143555, 1.018951654434204, 0.9862837195396423]",Integrated Gradients,deepseek_gpt,False
error_159_InsertHallucination,3,accept,"[0.8044748306274414, 0.6320631504058838, 0.8277842402458191, 0.3392461836338043]","[1.2434391975402832, 1.1897289752960205, 1.0079549551010132, 1.1522647142410278]",LIME,deepseek_gpt,False
error_93_InsertHallucination,10,reject,"[0.7168552279472351, 0.6387899518013, 0.2588636577129364, 0.4765309691429138, 0.5318785905838013, 0.5996432900428772, 0.3422287404537201, 0.8016543388366699, 0.7528992295265198, 0.6303271055221558, 0.7405707240104675]","[1.173752784729004, 0.9359601736068726, 0.89009690284729, 0.9076627492904663, 0.7401750683784485, 1.2501956224441528, 0.8997851014137268, 1.1793944835662842, 0.7131127119064331, 1.1010053157806396, 0.7108160853385925]",Integrated Gradients,deepseek_gpt,False
error_171_InsertHallucination,2,accept,"[0.7193981409072876, 0.4526712894439697, 0.40668079257011414]","[1.0021198987960815, 0.8089215159416199, 0.6256444454193115]",Integrated Gradients,deepseek_gpt,False
error_110_InsertHallucination,3,accept,"[0.6645623445510864, 0.4927513599395752, 0.629498302936554, 0.7076886296272278]","[1.1533689498901367, 1.0637199878692627, 0.9365921020507812, 1.047737956047058]",Integrated Gradients,deepseek_gpt,False
gradcampp_sample2_output_explanation_mut4,1,accept,"[1.1, 0.580464780330658]","[1.0, 0.7315112352371216]",Grad-Cam++,deepseek_gpt,True
gradcampp_sample2_output_explanation_mut6,1,accept,"[1.1, 0.5026118755340576]","[1.0, 0.7265112400054932]",Grad-Cam++,deepseek_gpt,True
gradcampp_sample2_output_explanation_mut3,1,accept,"[1.1, 0.5814399123191833]","[1.0, 0.8104283809661865]",Grad-Cam++,deepseek_gpt,True
gradcampp_sample2_output_explanation_mut5,1,accept,"[1.1, 0.8681983351707458]","[1.0, 1.0736145973205566]",Grad-Cam++,deepseek_gpt,True
gradcampp_sample2_output_explanation_mut2,1,accept,"[1.1, 0.6066829562187195]","[1.0, 0.6591504812240601]",Grad-Cam++,deepseek_gpt,True
gradcampp_sample2_output_explanation_mut1,2,accept,"[1.1, 0.6066654920578003, 0.5202485918998718]","[1.0, 1.097414255142212, 0.8655204772949219]",Grad-Cam++,deepseek_gpt,True
int_gradients_sample198_output_explanation_mut4,2,accept,"[1.1, 0.6848120093345642, 0.3153409957885742]","[1.0, 1.0645980834960938, 0.9727229475975037]",Integrated Gradients,deepseek_gpt,True
int_gradients_sample198_output_explanation_mut6,8,accept,"[1.1, 0.5794694423675537, 0.26507389545440674, 0.3875965178012848, 0.4413074553012848, 0.5294389724731445, 0.4538220167160034, 0.29187896847724915, 0.30845585465431213]","[1.0, 0.7892756462097168, 1.2396469116210938, 0.793844997882843, 0.5979046821594238, 0.68426513671875, 0.6399704813957214, 1.1189491748809814, 0.579058825969696]",Integrated Gradients,deepseek_gpt,True
int_gradients_sample198_output_explanation_mut3,10,reject,"[1.1, 0.3816877007484436, 0.40844491124153137, 0.44159525632858276, 0.4621192216873169, 0.3605192005634308, 0.3612721264362335, 0.5062015056610107, 0.5575567483901978, 0.5808311104774475, 0.39637699723243713]","[1.0, 0.8430723547935486, 1.048634648323059, 0.845474898815155, 1.1076619625091553, 0.5483565330505371, 1.2196199893951416, 0.9803726673126221, 0.6616324186325073, 0.6525887250900269, 1.131356954574585]",Integrated Gradients,deepseek_gpt,True
int_gradients_sample198_output_explanation_mut1,2,accept,"[1.1, 0.2740348279476166, 0.2985636591911316]","[1.0, 0.6423624753952026, 1.0141916275024414]",Integrated Gradients,deepseek_gpt,True
int_gradients_sample198_output_explanation_mut5,5,accept,"[1.1, 0.7168577909469604, 0.699779212474823, 0.44349685311317444, 0.5242128372192383, 0.36263585090637207]","[1.0, 0.7501654028892517, 1.1770552396774292, 0.7307888269424438, 0.7738755941390991, 1.1302858591079712]",Integrated Gradients,deepseek_gpt,True
int_gradients_sample198_output_explanation_mut2,9,accept,"[1.1, 0.5563899874687195, 0.5490871071815491, 0.6274300813674927, 0.4807312488555908, 0.42942145466804504, 0.4009711444377899, 0.49225160479545593, 0.49721983075141907, 0.3291427195072174]","[1.0, 0.7575016617774963, 0.9863218069076538, 0.7388680577278137, 0.947575569152832, 0.750976026058197, 0.9923142194747925, 0.8469797968864441, 0.6964070200920105, 1.0926145315170288]",Integrated Gradients,deepseek_gpt,True
LIME_diamonds.out_explanation_mut4,4,accept,"[1.1, 0.7903733849525452, 0.5557988286018372, 0.281975120306015, 0.692168653011322]","[1.0, 1.0895979404449463, 1.0339959859848022, 0.9348993301391602, 1.107903242111206]",LIME,deepseek_gpt,True
LIME_diamonds.out_explanation_mut3,4,accept,"[1.1, 0.5045337080955505, 0.5180128216743469, 0.5608782172203064, 0.8036413788795471]","[1.0, 1.179343819618225, 1.2945289611816406, 1.1077113151550293, 1.1150835752487183]",LIME,deepseek_gpt,True
LIME_diamonds.out_explanation_mut1,6,accept,"[1.1, 0.8025273084640503, 0.7092650532722473, 0.37719225883483887, 0.5969905853271484, 0.8923150897026062, 0.553369402885437]","[1.0, 1.2253135442733765, 1.3533227443695068, 0.9505611062049866, 1.1289472579956055, 0.976696789264679, 1.1614375114440918]",LIME,deepseek_gpt,True
LIME_diamonds.out_explanation_mut5,3,accept,"[1.1, 1.0644564628601074, 0.8421367406845093, 0.6538705825805664]","[1.0, 0.9556867480278015, 1.2893160581588745, 1.3177499771118164]",LIME,deepseek_gpt,True
LIME_diamonds.out_explanation_mut2,2,accept,"[1.1, 0.5263294577598572, 0.5336300134658813]","[1.0, 1.2559361457824707, 0.970558226108551]",LIME,deepseek_gpt,True
LIME_diamonds.out_explanation_mut6,1,accept,"[1.1, 0.42929568886756897]","[1.0, 0.968315601348877]",LIME,deepseek_gpt,True
wine.EBM.out_explanation_mut4,1,accept,"[1.1, 0.4367392063140869]","[1.0, 0.6990649104118347]",EBM,deepseek_gpt,True
wine.EBM.out_explanation_mut5,6,accept,"[1.1, 0.9028316736221313, 0.36747482419013977, 5.174605632873863e-08, 4.0253961941516536e-08, 0.26522186398506165, 0.5097306966781616]","[1.0, 1.1280986070632935, 1.2875956296920776, 1.095885157585144, 1.0246483087539673, 0.8933308720588684, 1.1173906326293945]",EBM,deepseek_gpt,True
wine.EBM.out_explanation_mut6,2,accept,"[1.1, 0.49078455567359924, 0.40831685066223145]","[1.0, 1.1128458976745605, 1.0442566871643066]",EBM,deepseek_gpt,True
wine.EBM.out_explanation_mut3,4,accept,"[1.1, 0.33732113242149353, 2.5597204356131442e-08, 5.1310834692230856e-08, 0.3350876569747925]","[1.0, 1.3588812351226807, 0.9495568871498108, 0.9407151341438293, 0.8888394832611084]",EBM,deepseek_gpt,True
wine.EBM.out_explanation_mut2,6,accept,"[1.1, 0.21192555129528046, 3.523018676787615e-08, 0.21504953503608704, 2.8101281301928793e-08, 0.31853801012039185, 0.34115225076675415]","[1.0, 1.3140285015106201, 0.8654648065567017, 1.3554859161376953, 0.9872331023216248, 0.8137876987457275, 0.670262336730957]",EBM,deepseek_gpt,True
wine.EBM.out_explanation_mut1,7,accept,"[1.1, 8.989475475118525e-08, 4.070963655067317e-08, 3.675656046198128e-08, 0.5375149846076965, 1.6016921122741223e-08, 0.19793862104415894, 0.34663400053977966]","[1.0, 0.8155741095542908, 0.9154230356216431, 0.878917932510376, 1.2891608476638794, 0.869550883769989, 1.26816725730896, 1.081190586090088]",EBM,deepseek_gpt,True
shap_acs_output_explanation_mut2,1,accept,"[1.1, 0.4151458144187927]","[1.0, 1.0139293670654297]",SHAP,deepseek_gpt,True
shap_acs_output_explanation_mut6,2,accept,"[1.1, 0.1574619561433792, 0.20574699342250824]","[1.0, 1.0085854530334473, 0.9418969750404358]",SHAP,deepseek_gpt,True
shap_acs_output_explanation_mut3,3,accept,"[1.1, 3.3579681257833727e-07, 0.17973099648952484, 0.43605437874794006]","[1.0, 0.9685931205749512, 1.2894443273544312, 0.9156297445297241]",SHAP,deepseek_gpt,True
shap_acs_output_explanation_mut5,6,accept,"[1.1, 0.36132341623306274, 0.09173664450645447, 6.34225783002762e-09, 1.0603072198023256e-08, 0.01914825849235058, 0.3255172073841095]","[1.0, 0.8708658814430237, 1.1808170080184937, 0.9593868255615234, 0.7611036896705627, 1.1887551546096802, 1.0587966442108154]",SHAP,deepseek_gpt,True
shap_acs_output_explanation_mut4,1,accept,"[1.1, 0.330776572227478]","[1.0, 0.9122900366783142]",SHAP,deepseek_gpt,True
shap_acs_output_explanation_mut1,4,accept,"[1.1, 3.866632170002049e-08, 5.73617908727897e-09, 1.7400248353283132e-08, 0.23524625599384308]","[1.0, 0.8999288082122803, 0.6597893834114075, 0.6609848737716675, 0.9068334102630615]",SHAP,deepseek_gpt,True
error_92_InsertHallucination,1,accept,"[0.8593348860740662, 0.28328630328178406]","[0.7624804377555847, 1.0605450868606567]",LIME,gpt_qwen,False
error_36_NegateRelation,1,accept,"[0.47940611839294434, 0.7113605737686157]","[0.7896209955215454, 1.0866796970367432]",LIME,gpt_qwen,False
error_189_MissingCoT,1,accept,"[0.9966180920600891, 0.7481348514556885]","[0.5137431621551514, 1.0048822164535522]",Grad-Cam++,gpt_qwen,False
error_94_InsertHallucination,1,accept,"[0.5851321816444397, 0.1287945955991745]","[0.3824103772640228, 0.5817947387695312]",Integrated Gradients,gpt_qwen,False
error_85_InsertHallucination,1,accept,"[0.9264187812805176, 0.4438398778438568]","[0.6019966006278992, 0.8836905360221863]",EBM,gpt_qwen,False
error_32_InsertHallucination,1,accept,"[0.8478034734725952, 0.2697426974773407]","[0.38218528032302856, 1.102800726890564]",Integrated Gradients,gpt_qwen,False
error_55_InsertHallucination,1,accept,"[0.6999104619026184, 0.35618671774864197]","[0.47684431076049805, 0.7028056383132935]",Integrated Gradients,gpt_qwen,False
error_141_NegateRelation,2,accept,"[0.6525025367736816, 0.6890029311180115, 0.269183874130249]","[0.7113289833068848, 1.1463733911514282, 1.2489601373672485]",LIME,gpt_qwen,False
error_33_NegateRelation,2,accept,"[0.4890737533569336, 0.29159900546073914, 0.8016732931137085]","[0.6272823214530945, 1.403383493423462, 1.2554439306259155]",LIME,gpt_qwen,False
error_150_InsertHallucination,1,accept,"[0.47974878549575806, 0.34805336594581604]","[0.4908219277858734, 0.5156669616699219]",Integrated Gradients,gpt_qwen,False
error_29_InsertHallucination,2,accept,"[0.8849493265151978, 0.39914822578430176, 0.5255934596061707]","[0.46426424384117126, 1.0323820114135742, 1.0274770259857178]",SHAP,gpt_qwen,False
error_100_InsertHallucination,1,accept,"[0.8248417377471924, 0.4348192512989044]","[0.6886023879051208, 1.0769739151000977]",EBM,gpt_qwen,False
error_160_InsertHallucination,1,accept,"[0.6581926345825195, 0.5539453029632568]","[0.5900909304618835, 0.6407133936882019]",Integrated Gradients,gpt_qwen,False
error_138_InsertHallucination,2,accept,"[0.6139245629310608, 0.4261554777622223, 0.6559096574783325]","[0.3179706037044525, 0.5885860919952393, 0.5049837827682495]",Integrated Gradients,gpt_qwen,False
error_60_InsertHallucination,1,accept,"[0.6617119908332825, 0.21211473643779755]","[0.5508091449737549, 0.5605053901672363]",LIME,gpt_qwen,False
error_20_InsertHallucination,1,accept,"[0.8854568004608154, 0.20830677449703217]","[0.32876601815223694, 0.7837948203086853]",Integrated Gradients,gpt_qwen,False
error_40_NegateRelation,4,accept,"[0.4229409396648407, 0.5876732468605042, 0.7591865658760071, 0.603563666343689, 0.6783786416053772]","[0.77542644739151, 1.2873893976211548, 1.2589882612228394, 1.2266106605529785, 1.1045148372650146]",LIME,gpt_qwen,False
error_124_None,1,accept,"[1.5398849248886108, 0.4540019929409027]","[0.8133633732795715, 0.7055873870849609]",SHAP,gpt_qwen,False
error_10_InsertHallucination,1,accept,"[0.7107766270637512, 0.6717577576637268]","[0.5609116554260254, 1.0854250192642212]",Integrated Gradients,gpt_qwen,False
error_188_None,1,accept,"[1.1624913215637207, 0.5467991232872009]","[0.7909618020057678, 0.9869499802589417]",SHAP,gpt_qwen,False
error_162_InsertHallucination,2,accept,"[0.8411599397659302, 0.6091105341911316, 0.5864043235778809]","[0.5825790762901306, 0.8542906045913696, 0.9188691973686218]",Integrated Gradients,gpt_qwen,False
error_194_InsertHallucination,2,accept,"[0.5810698866844177, 0.6255151033401489, 0.5185950994491577]","[0.6797093152999878, 1.2390379905700684, 1.1724034547805786]",LIME,gpt_qwen,False
error_47_InsertHallucination,2,accept,"[0.8402626514434814, 0.5964314341545105, 0.48139235377311707]","[0.4411531090736389, 1.0860071182250977, 1.1944150924682617]",Integrated Gradients,gpt_qwen,False
error_15_InsertHallucination,2,accept,"[0.8015378713607788, 0.6245728731155396, 0.4281902313232422]","[0.6297393441200256, 0.9871920347213745, 0.8729414343833923]",Integrated Gradients,gpt_qwen,False
error_130_InsertHallucination,2,accept,"[0.5855138897895813, 0.6766549944877625, 0.40851449966430664]","[0.7262060642242432, 1.111994981765747, 0.8565191626548767]",LIME,gpt_qwen,False
error_5_InsertHallucination,2,accept,"[0.9212104678153992, 0.6055101156234741, 0.49813881516456604]","[0.6741809248924255, 1.0569918155670166, 0.9661121368408203]",Integrated Gradients,gpt_qwen,False
error_88_InsertHallucination,1,accept,"[0.7534812092781067, 0.3585548996925354]","[0.549578070640564, 0.621211588382721]",Integrated Gradients,gpt_qwen,False
error_191_InsertHallucination,2,accept,"[0.7929224371910095, 0.4230007529258728, 0.500217080116272]","[0.6046909093856812, 0.8801918029785156, 0.675485372543335]",Integrated Gradients,gpt_qwen,False
error_146_NegateRelation,1,accept,"[0.3359132707118988, 0.6923010945320129]","[0.6766400933265686, 1.1649394035339355]",LIME,gpt_qwen,False
error_109_NegateRelation,2,accept,"[0.4607221186161041, 0.7104114294052124, 0.2627401649951935]","[0.7502250671386719, 1.3351970911026, 0.9002512693405151]",LIME,gpt_qwen,False
error_155_InsertHallucination,1,accept,"[0.6216874122619629, 0.6286499500274658]","[0.5312821269035339, 0.9879447221755981]",LIME,gpt_qwen,False
error_180_InsertHallucination,3,accept,"[0.8295181393623352, 0.37899550795555115, 0.3449612557888031, 0.24492135643959045]","[0.349408894777298, 0.7301891446113586, 0.5448688268661499, 1.0978493690490723]",Integrated Gradients,gpt_qwen,False
error_118_NegateRelation,1,accept,"[0.7818769812583923, 0.29954996705055237]","[0.5132792592048645, 0.8412290811538696]",Integrated Gradients,gpt_qwen,False
error_34_NegateRelation,3,accept,"[0.5803214907646179, 0.8124733567237854, 0.6699231863021851, 0.32466843724250793]","[0.766939103603363, 1.2292360067367554, 1.2557337284088135, 1.253720998764038]",LIME,gpt_qwen,False
gradcampp_sample2_output_explanation_mut4,1,accept,"[1.1, 0.6357409358024597]","[1.0, 0.9502620100975037]",Grad-Cam++,gpt_qwen,True
gradcampp_sample2_output_explanation_mut6,1,accept,"[1.1, 0.49464258551597595]","[1.0, 1.0170576572418213]",Grad-Cam++,gpt_qwen,True
gradcampp_sample2_output_explanation_mut3,1,accept,"[1.1, 0.6525509357452393]","[1.0, 0.9212856888771057]",Grad-Cam++,gpt_qwen,True
gradcampp_sample2_output_explanation_mut5,1,accept,"[1.1, 0.8162209987640381]","[1.0, 1.0435073375701904]",Grad-Cam++,gpt_qwen,True
gradcampp_sample2_output_explanation_mut2,1,accept,"[1.1, 0.7121148705482483]","[1.0, 1.0867985486984253]",Grad-Cam++,gpt_qwen,True
gradcampp_sample2_output_explanation_mut1,1,accept,"[1.1, 0.6278757452964783]","[1.0, 0.8108361959457397]",Grad-Cam++,gpt_qwen,True
int_gradients_sample198_output_explanation_mut4,10,reject,"[1.1, 0.6797271370887756, 0.3770860433578491, 0.545246422290802, 0.5653467178344727, 0.32317617535591125, 0.4779013693332672, 0.6236239075660706, 0.3723648190498352, 0.6821631193161011, 0.475280225276947]","[1.0, 1.1236194372177124, 0.927452802658081, 1.068732738494873, 1.0968222618103027, 0.8392283916473389, 0.6470345854759216, 1.1398593187332153, 0.7212428450584412, 1.3613295555114746, 0.8350697755813599]",Integrated Gradients,gpt_qwen,True
int_gradients_sample198_output_explanation_mut6,9,accept,"[1.1, 0.5112524032592773, 0.5445603132247925, 0.5601043105125427, 0.4899636507034302, 0.5807879567146301, 0.4940836727619171, 0.45440348982810974, 0.24026602506637573, 0.337859183549881]","[1.0, 1.1221156120300293, 1.0652049779891968, 0.7102494835853577, 0.715569794178009, 1.069366455078125, 1.0200574398040771, 0.8323714733123779, 1.0457996129989624, 0.7742908596992493]",Integrated Gradients,gpt_qwen,True
int_gradients_sample198_output_explanation_mut3,5,accept,"[1.1, 0.575473964214325, 0.3347479999065399, 0.42490455508232117, 0.3760104179382324, 0.3082687258720398]","[1.0, 1.232725739479065, 0.8770727515220642, 0.8965775966644287, 1.0611768960952759, 1.0476179122924805]",Integrated Gradients,gpt_qwen,True
int_gradients_sample198_output_explanation_mut1,2,accept,"[1.1, 0.8075621128082275, 0.4686757028102875]","[1.0, 0.6239641308784485, 0.7294376492500305]",Integrated Gradients,gpt_qwen,True
int_gradients_sample198_output_explanation_mut5,7,accept,"[1.1, 0.37283626198768616, 0.43123185634613037, 0.5955914855003357, 0.6231694221496582, 0.39650875329971313, 0.43575596809387207, 0.46413740515708923]","[1.0, 1.0786598920822144, 1.0770787000656128, 0.830166757106781, 1.015787124633789, 0.9141218662261963, 0.7936922311782837, 0.5648460984230042]",Integrated Gradients,gpt_qwen,True
int_gradients_sample198_output_explanation_mut2,4,accept,"[1.1, 0.5125139355659485, 0.672895073890686, 0.40538543462753296, 0.325437068939209]","[1.0, 1.152109146118164, 0.7190353274345398, 0.727822482585907, 0.9358717203140259]",Integrated Gradients,gpt_qwen,True
LIME_diamonds.out_explanation_mut4,3,accept,"[1.1, 1.2673192024230957, 0.4122651517391205, 0.5498443841934204]","[1.0, 1.1572593450546265, 1.2256336212158203, 1.1974260807037354]",LIME,gpt_qwen,True
LIME_diamonds.out_explanation_mut3,2,accept,"[1.1, 0.6528162360191345, 0.5465594530105591]","[1.0, 1.3465116024017334, 0.9093310832977295]",LIME,gpt_qwen,True
LIME_diamonds.out_explanation_mut1,2,accept,"[1.1, 0.5256878733634949, 0.39621564745903015]","[1.0, 1.2562135457992554, 1.1679493188858032]",LIME,gpt_qwen,True
LIME_diamonds.out_explanation_mut5,6,accept,"[1.1, 0.9512242674827576, 0.6037951111793518, 0.5281795263290405, 2.1480822454122972e-08, 2.8728713630243874e-08, 0.6491320729255676]","[1.0, 1.3040486574172974, 1.0656577348709106, 1.0410100221633911, 0.8221893310546875, 1.0178877115249634, 1.0711272954940796]",LIME,gpt_qwen,True
LIME_diamonds.out_explanation_mut2,2,accept,"[1.1, 0.9665933847427368, 0.7633144855499268]","[1.0, 1.119223713874817, 0.924599826335907]",LIME,gpt_qwen,True
LIME_diamonds.out_explanation_mut6,1,accept,"[1.1, 0.33592498302459717]","[1.0, 0.9330015182495117]",LIME,gpt_qwen,True
wine.EBM.out_explanation_mut4,2,accept,"[1.1, 0.458808958530426, 0.23356367647647858]","[1.0, 1.1135982275009155, 0.8510170578956604]",EBM,gpt_qwen,True
wine.EBM.out_explanation_mut5,10,reject,"[1.1, 0.9770469069480896, 0.3346647322177887, 3.414413995983523e-08, 0.6924117803573608, 0.37989363074302673, 0.37104013562202454, 0.26732638478279114, 0.3532750606536865, 0.5890252590179443, 0.4683985114097595]","[1.0, 1.1698626279830933, 1.422450065612793, 0.8749884963035583, 1.0593931674957275, 0.9832198023796082, 0.7762332558631897, 0.9566086530685425, 1.2894612550735474, 1.1432099342346191, 1.2482712268829346]",EBM,gpt_qwen,True
wine.EBM.out_explanation_mut6,1,accept,"[1.1, 0.37130746245384216]","[1.0, 0.5543407201766968]",EBM,gpt_qwen,True
wine.EBM.out_explanation_mut3,1,accept,"[1.1, 0.277981162071228]","[1.0, 1.2204012870788574]",EBM,gpt_qwen,True
wine.EBM.out_explanation_mut2,3,accept,"[1.1, 0.676463782787323, 0.170688658952713, 0.24800866842269897]","[1.0, 1.2373234033584595, 1.3251501321792603, 0.8964775800704956]",EBM,gpt_qwen,True
wine.EBM.out_explanation_mut1,2,accept,"[1.1, 0.48236095905303955, 0.36693501472473145]","[1.0, 1.0684356689453125, 0.6685552000999451]",EBM,gpt_qwen,True
shap_acs_output_explanation_mut2,5,accept,"[1.1, 0.20614753663539886, 0.15126346051692963, 0.14597941935062408, 0.35728275775909424, 0.05984220653772354]","[1.0, 0.8666720986366272, 0.761365532875061, 0.9172040224075317, 0.8674384951591492, 0.9085395336151123]",SHAP,gpt_qwen,True
shap_acs_output_explanation_mut6,1,accept,"[1.1, 0.31224489212036133]","[1.0, 0.8430208563804626]",SHAP,gpt_qwen,True
shap_acs_output_explanation_mut3,2,accept,"[1.1, 0.3103336989879608, 0.3901824355125427]","[1.0, 1.0053541660308838, 0.8479642271995544]",SHAP,gpt_qwen,True
shap_acs_output_explanation_mut5,1,accept,"[1.1, 0.16845989227294922]","[1.0, 0.9704411625862122]",SHAP,gpt_qwen,True
shap_acs_output_explanation_mut4,3,accept,"[1.1, 0.277238130569458, 0.06973569095134735, 0.3963095247745514]","[1.0, 0.9352114796638489, 0.9666134119033813, 0.7209305167198181]",SHAP,gpt_qwen,True
shap_acs_output_explanation_mut1,4,accept,"[1.1, 3.866632170002049e-08, 1.5984953805059376e-08, 0.2688180208206177, 0.16133736073970795]","[1.0, 0.7689849138259888, 0.9436727166175842, 1.0046464204788208, 0.9185571074485779]",SHAP,gpt_qwen,True
error_146_SwapTopFeature,8,accept,"[0.6968803405761719, 0.6369403004646301, 0.7958691120147705, 0.6448553800582886, 0.2717480957508087, 0.4496767520904541, 0.3694033920764923, 0.6842358112335205, 0.6441898345947266]","[0.9578021168708801, 1.0597807168960571, 1.130346417427063, 1.230892300605774, 1.1564103364944458, 1.3355213403701782, 1.180735468864441, 1.0656026601791382, 0.9128319025039673]",Integrated Gradients,qwen_gpt,False
error_43_InsertHallucination,1,accept,"[0.630002498626709, 0.6333016157150269]","[0.8188759684562683, 0.9704028964042664]",SHAP,qwen_gpt,False
error_187_InsertHallucination,1,accept,"[0.7305035591125488, 0.4938648045063019]","[1.1863058805465698, 1.1419191360473633]",Integrated Gradients,qwen_gpt,False
error_159_NegateRelation,3,accept,"[0.69977205991745, 0.7206882834434509, 0.7143866419792175, 0.6611440777778625]","[1.0642412900924683, 1.1027851104736328, 1.1063791513442993, 0.8272532224655151]",Integrated Gradients,qwen_gpt,False
error_90_InsertHallucination,1,accept,"[0.7538264989852905, 0.6470688581466675]","[0.781086802482605, 0.9367738962173462]",Grad-Cam++,qwen_gpt,False
error_48_NegateRelation,5,accept,"[0.5438326597213745, 0.676520049571991, 0.4482296407222748, 0.5646849870681763, 0.24433687329292297, 0.47900494933128357]","[1.1778297424316406, 1.0980263948440552, 0.9227640628814697, 1.0560835599899292, 1.283271074295044, 0.8712552189826965]",LIME,qwen_gpt,False
error_82_OmitFeature,2,accept,"[0.652292788028717, 0.6889253854751587, 0.7401940822601318]","[1.1883203983306885, 0.8693201541900635, 1.1909523010253906]",LIME,qwen_gpt,False
error_12_InsertHallucination,3,accept,"[0.5675106644630432, 0.2551082670688629, 0.24750946462154388, 0.4311153292655945]","[0.9444091320037842, 0.8635023832321167, 1.059415578842163, 0.4965117573738098]",LIME,qwen_gpt,False
error_24_InsertHallucination,1,accept,"[0.6126285195350647, 0.4114723205566406]","[1.2585488557815552, 1.0241369009017944]",LIME,qwen_gpt,False
error_137_InsertHallucination,5,accept,"[0.5147561430931091, 0.5802375674247742, 0.39295801520347595, 0.6411174535751343, 3.95896613269997e-08, 0.3967573642730713]","[1.1771939992904663, 1.2389343976974487, 1.235792636871338, 1.2897417545318604, 0.834301769733429, 1.0680937767028809]",LIME,qwen_gpt,False
error_156_InsertHallucination,2,accept,"[0.5935994982719421, 0.42689990997314453, 0.5004862546920776]","[1.1438465118408203, 0.8129053115844727, 1.1381831169128418]",EBM,qwen_gpt,False
error_85_OmitFeature,1,accept,"[0.6808211207389832, 0.5080150961875916]","[0.9707881808280945, 0.8206006288528442]",Integrated Gradients,qwen_gpt,False
error_103_NegateRelation,3,accept,"[0.6843999028205872, 0.5485213994979858, 0.36798718571662903, 0.4038104712963104]","[0.9666446447372437, 1.0242109298706055, 1.134364128112793, 0.9540427327156067]",Integrated Gradients,qwen_gpt,False
error_57_SwapTopFeature,2,accept,"[0.7412792444229126, 0.6117307543754578, 0.21569223701953888]","[1.0448333024978638, 1.3622578382492065, 0.9084922671318054]",Integrated Gradients,qwen_gpt,False
error_185_SwapTopFeature,4,accept,"[0.5167058110237122, 0.22467845678329468, 0.37781649827957153, 0.23503246903419495, 0.38853153586387634]","[1.2012091875076294, 1.19272780418396, 1.1961661577224731, 0.8828296661376953, 0.8837594389915466]",LIME,qwen_gpt,False
error_127_InsertHallucination,6,accept,"[0.5292398929595947, 0.28217801451683044, 0.46644327044487, 0.33111727237701416, 0.2223866730928421, 0.17429672181606293, 0.5818910598754883]","[0.993209183216095, 1.0177756547927856, 1.3418936729431152, 0.6987453103065491, 1.2429165840148926, 1.2383239269256592, 0.976771354675293]",LIME,qwen_gpt,False
error_195_InsertHallucination,1,accept,"[0.7740355134010315, 0.7219899296760559]","[0.9405627250671387, 0.7296186685562134]",SHAP,qwen_gpt,False
error_76_InsertHallucination,5,accept,"[0.698038637638092, 0.6189081072807312, 0.6460245847702026, 0.47148627042770386, 0.33970484137535095, 0.6211612820625305]","[1.2897472381591797, 1.22515070438385, 1.0389260053634644, 0.9580351710319519, 0.8069354891777039, 0.8556769490242004]",LIME,qwen_gpt,False
error_5_SwapMinorFeature,1,accept,"[0.644137442111969, 0.3020164966583252]","[1.2044198513031006, 0.8506793975830078]",LIME,qwen_gpt,False
error_26_OmitFeature,2,accept,"[0.5886452794075012, 0.689620316028595, 0.35628631711006165]","[1.1530625820159912, 1.0784070491790771, 1.051564335823059]",Integrated Gradients,qwen_gpt,False
error_171_InsertHallucination,1,accept,"[0.6076119542121887, 0.3852236866950989]","[1.0948084592819214, 0.41568687558174133]",EBM,qwen_gpt,False
error_197_InsertHallucination,4,accept,"[0.4882965683937073, 0.2808516323566437, 0.06984148919582367, 0.514349639415741, 0.5402621626853943]","[1.1025352478027344, 0.8375580310821533, 1.3845630884170532, 1.2213178873062134, 1.2426555156707764]",LIME,qwen_gpt,False
error_101_SwapTopFeature,1,accept,"[0.6175022125244141, 0.140130877494812]","[0.9328261017799377, 0.9077023863792419]",LIME,qwen_gpt,False
error_189_InsertHallucination,4,accept,"[0.5383617877960205, 0.6673116087913513, 0.46873292326927185, 0.5067986845970154, 0.5908341407775879]","[1.2088860273361206, 1.3382645845413208, 1.0150868892669678, 1.1924961805343628, 1.418131709098816]",LIME,qwen_gpt,False
error_27_InsertHallucination,4,accept,"[0.47652190923690796, 0.39371323585510254, 0.32175755500793457, 0.5994557738304138, 0.5746498703956604]","[1.2955584526062012, 0.9843952059745789, 1.2577183246612549, 1.0316256284713745, 1.1596148014068604]",LIME,qwen_gpt,False
error_154_InsertHallucination,1,accept,"[0.7567777633666992, 0.5020650029182434]","[1.085367202758789, 0.8324559926986694]",Integrated Gradients,qwen_gpt,False
error_184_NegateRelation,1,accept,"[0.748595118522644, 0.6535390615463257]","[0.9927272200584412, 1.1700079441070557]",Integrated Gradients,qwen_gpt,False
error_17_OmitFeature,2,accept,"[0.6576158404350281, 0.3498494327068329, 0.565676212310791]","[0.9839469194412231, 1.34125554561615, 1.0575141906738281]",EBM,qwen_gpt,False
error_178_SwapMinorFeature,1,accept,"[0.6535152196884155, 0.6544722318649292]","[1.1634207963943481, 0.813708484172821]",LIME,qwen_gpt,False
error_186_InsertHallucination,2,accept,"[0.6627040505409241, 0.5369090437889099, 0.40619683265686035]","[0.9397983551025391, 1.039346694946289, 0.8901357054710388]",SHAP,qwen_gpt,False
error_46_OmitFeature,1,accept,"[0.4997948408126831, 0.37280723452568054]","[1.291296362876892, 1.1895631551742554]",LIME,qwen_gpt,False
error_47_OmitFeature,4,accept,"[0.6683094501495361, 0.5935574173927307, 0.34234488010406494, 0.3535573482513428, 0.4447396695613861]","[0.9165222644805908, 1.0261387825012207, 1.0281448364257812, 0.9391321539878845, 0.8821346759796143]",EBM,qwen_gpt,False
error_87_OmitFeature,3,accept,"[0.6329941749572754, 0.39592093229293823, 0.38499391078948975, 0.5172985792160034]","[0.952377438545227, 1.0600988864898682, 1.1963775157928467, 1.1641546487808228]",LIME,qwen_gpt,False
error_33_SwapMinorFeature,1,accept,"[0.5507098436355591, 0.3539379835128784]","[0.9320122003555298, 1.0584200620651245]",LIME,qwen_gpt,False
error_50_InsertHallucination,1,accept,"[0.5363579392433167, 0.5339627861976624]","[1.1941490173339844, 1.2961864471435547]",LIME,qwen_gpt,False
gradcampp_sample2_output_explanation_mut4,1,accept,"[1.1, 0.5950743556022644]","[1.0, 0.8426090478897095]",Grad-Cam++,qwen_gpt,True
gradcampp_sample2_output_explanation_mut6,1,accept,"[1.1, 0.4618369936943054]","[1.0, 1.0674498081207275]",Grad-Cam++,qwen_gpt,True
gradcampp_sample2_output_explanation_mut3,1,accept,"[1.1, 0.6667901277542114]","[1.0, 0.8962015509605408]",Grad-Cam++,qwen_gpt,True
gradcampp_sample2_output_explanation_mut5,1,accept,"[1.1, 0.679000735282898]","[1.0, 1.1416661739349365]",Grad-Cam++,qwen_gpt,True
gradcampp_sample2_output_explanation_mut2,1,accept,"[1.1, 0.7535300254821777]","[1.0, 0.9995023012161255]",Grad-Cam++,qwen_gpt,True
gradcampp_sample2_output_explanation_mut1,1,accept,"[1.1, 0.5807501077651978]","[1.0, 0.7900726199150085]",Grad-Cam++,qwen_gpt,True
int_gradients_sample198_output_explanation_mut4,8,accept,"[1.1, 0.6364107131958008, 0.33364129066467285, 0.6174349784851074, 0.5990351438522339, 0.4348737895488739, 0.35174113512039185, 0.5436233282089233, 0.3525179922580719]","[1.0, 0.8124107122421265, 0.720720648765564, 0.6573242545127869, 0.6549950242042542, 0.5173110961914062, 0.7532986402511597, 0.7053576707839966, 0.9183094501495361]",Integrated Gradients,qwen_gpt,True
int_gradients_sample198_output_explanation_mut6,1,accept,"[1.1, 0.3228888213634491]","[1.0, 0.9887875318527222]",Integrated Gradients,qwen_gpt,True
int_gradients_sample198_output_explanation_mut3,3,accept,"[1.1, 0.33382952213287354, 0.6280988454818726, 0.2599562406539917]","[1.0, 1.020357608795166, 0.8130277991294861, 0.9293265342712402]",Integrated Gradients,qwen_gpt,True
int_gradients_sample198_output_explanation_mut1,10,reject,"[1.1, 0.7175391912460327, 0.494087278842926, 0.5745248794555664, 0.4870567321777344, 0.41993194818496704, 0.6555105447769165, 0.5136290788650513, 0.49253711104393005, 0.4839295446872711, 0.5939900875091553]","[1.0, 0.8257166743278503, 0.7362399101257324, 1.071669101715088, 0.8096907138824463, 0.7280230522155762, 0.9303953647613525, 0.6257430911064148, 0.9420714378356934, 0.78639155626297, 0.6641435027122498]",Integrated Gradients,qwen_gpt,True
int_gradients_sample198_output_explanation_mut5,2,accept,"[1.1, 0.3762948513031006, 0.26268270611763]","[1.0, 0.7119297385215759, 0.8692732453346252]",Integrated Gradients,qwen_gpt,True
int_gradients_sample198_output_explanation_mut2,3,accept,"[1.1, 0.375322550535202, 0.4060680866241455, 0.413431316614151]","[1.0, 1.038825273513794, 0.8836702108383179, 0.8765304088592529]",Integrated Gradients,qwen_gpt,True
LIME_diamonds.out_explanation_mut4,4,accept,"[1.1, 0.8352198004722595, 0.6247501373291016, 0.5283907651901245, 0.6693720817565918]","[1.0, 1.2990278005599976, 1.0429641008377075, 1.033642053604126, 0.9555436968803406]",LIME,qwen_gpt,True
LIME_diamonds.out_explanation_mut3,10,reject,"[1.1, 0.2809104919433594, 0.7336414456367493, 1.624208678663308e-08, 0.8319442868232727, 0.4582182765007019, 0.7254855632781982, 0.9849223494529724, 0.5744332075119019, 2.3544608040992898e-08, 0.5276685953140259]","[1.0, 1.3274916410446167, 1.2883970737457275, 0.7643837332725525, 1.0868726968765259, 1.259084701538086, 0.9846378564834595, 1.250718593597412, 1.3219614028930664, 0.9922236800193787, 1.3720005750656128]",LIME,qwen_gpt,True
LIME_diamonds.out_explanation_mut1,1,accept,"[1.1, 0.7391718626022339]","[1.0, 1.0424928665161133]",LIME,qwen_gpt,True
LIME_diamonds.out_explanation_mut5,1,accept,"[1.1, 0.6154999732971191]","[1.0, 0.8307350873947144]",LIME,qwen_gpt,True
LIME_diamonds.out_explanation_mut2,2,accept,"[1.1, 0.7315378785133362, 0.9496014714241028]","[1.0, 1.329453706741333, 0.962196409702301]",LIME,qwen_gpt,True
LIME_diamonds.out_explanation_mut6,2,accept,"[1.1, 0.3769210875034332, 0.5378903746604919]","[1.0, 1.2114124298095703, 0.9346626400947571]",LIME,qwen_gpt,True
wine.EBM.out_explanation_mut4,2,accept,"[1.1, 0.26434651017189026, 0.39926496148109436]","[1.0, 0.7352758646011353, 0.7092245817184448]",EBM,qwen_gpt,True
wine.EBM.out_explanation_mut5,2,accept,"[1.1, 0.3084048330783844, 0.82802814245224]","[1.0, 1.4300003051757812, 0.9620582461357117]",EBM,qwen_gpt,True
wine.EBM.out_explanation_mut6,1,accept,"[1.1, 0.44315287470817566]","[1.0, 0.5212146043777466]",EBM,qwen_gpt,True
wine.EBM.out_explanation_mut3,3,accept,"[1.1, 0.15796595811843872, 3.660704095409528e-08, 0.030722474679350853]","[1.0, 1.2994260787963867, 0.8420453071594238, 0.9306050539016724]",EBM,qwen_gpt,True
wine.EBM.out_explanation_mut2,2,accept,"[1.1, 0.9451424479484558, 0.3806396424770355]","[1.0, 1.2462176084518433, 0.8720080852508545]",EBM,qwen_gpt,True
wine.EBM.out_explanation_mut1,7,accept,"[1.1, 0.1772555708885193, 1.1795667553826661e-08, 0.4943925440311432, 2.630345541376755e-08, 0.21248109638690948, 2.4080121008296373e-08, 0.289013147354126]","[1.0, 1.2640799283981323, 0.8754980564117432, 1.2724522352218628, 0.9193023443222046, 1.2449616193771362, 0.965994656085968, 0.8261008858680725]",EBM,qwen_gpt,True
shap_acs_output_explanation_mut2,1,accept,"[1.1, 0.14055246114730835]","[1.0, 0.7470335960388184]",SHAP,qwen_gpt,True
shap_acs_output_explanation_mut6,1,accept,"[1.1, 0.2532288432121277]","[1.0, 0.9401037096977234]",SHAP,qwen_gpt,True
shap_acs_output_explanation_mut3,3,accept,"[1.1, 0.8984869122505188, 0.3038316071033478, 0.39020001888275146]","[1.0, 1.2059003114700317, 0.9971104860305786, 0.8090847134590149]",SHAP,qwen_gpt,True
shap_acs_output_explanation_mut5,3,accept,"[1.1, 0.20941618084907532, 0.40343716740608215, 0.25742965936660767]","[1.0, 0.9489121437072754, 1.0311574935913086, 1.0844038724899292]",SHAP,qwen_gpt,True
shap_acs_output_explanation_mut4,2,accept,"[1.1, 0.7536301612854004, 0.45509275794029236]","[1.0, 1.208958387374878, 1.014426589012146]",SHAP,qwen_gpt,True
shap_acs_output_explanation_mut1,3,accept,"[1.1, 3.866632170002049e-08, 0.4164681136608124, 0.17142370343208313]","[1.0, 0.6988582611083984, 0.8754563927650452, 0.9554396271705627]",SHAP,qwen_gpt,True
error_42_NegateRelation,1,accept,"[0.6446, 0.7380541563034058]","[0.7545366883277893, 1.1170125007629395]",LIME,deep_qwen,False
error_7_OmitFeature,2,accept,"[0.587, 0.45049116015434265, 0.41359880566596985]","[0.6328811049461365, 1.2185781002044678, 1.0853140354156494]",LIME,deep_qwen,False
error_105_OmitFeature,4,accept,"[0.5326, 0.3811499774456024, 0.3450931906700134, 0.2694031298160553, 0.2467312514781952]","[0.7061651945114136, 0.992956817150116, 0.9116595387458801, 0.8529598116874695, 0.7984793782234192]",EBM,deep_qwen,False
error_116_OmitFeature,1,accept,"[0.6191, 0.34693437814712524]","[0.6065449714660645, 0.8279496431350708]",EBM,deep_qwen,False
error_132_InsertHallucination,2,accept,"[0.5728, 0.23967817425727844, 0.24417181313037872]","[0.6245851516723633, 0.7944854497909546, 0.9345753192901611]",Integrated Gradients,deep_qwen,False
error_133_InsertHallucination,2,accept,"[0.6571, 0.7004042267799377, 0.6799209117889404]","[0.5272097587585449, 0.9817209839820862, 0.6760895848274231]",Grad-Cam++,deep_qwen,False
error_5_OmitFeature,2,accept,"[0.5135, 0.34501397609710693, 0.3105105459690094]","[0.6789754033088684, 1.1683554649353027, 1.0441210269927979]",EBM,deep_qwen,False
error_192_InsertHallucination,5,accept,"[0.7321, 0.6263366341590881, 0.5208518505096436, 0.3907370865345001, 0.6480346322059631, 0.5219520330429077]","[0.5851430296897888, 1.1971112489700317, 0.9965848922729492, 1.0994080305099487, 1.0089281797409058, 0.9098283648490906]",Integrated Gradients,deep_qwen,False
error_106_InsertHallucination,1,accept,"[0.696, 0.47570422291755676]","[0.5957194566726685, 1.011408805847168]",Integrated Gradients,deep_qwen,False
error_137_InsertHallucination,1,accept,"[0.626, 0.5381925702095032]","[0.6232509016990662, 0.8859421610832214]",Integrated Gradients,deep_qwen,False
error_171_InsertHallucination,1,accept,"[0.7194, 0.42378488183021545]","[0.6650795936584473, 1.0678584575653076]",Integrated Gradients,deep_qwen,False
error_21_InsertHallucination,1,accept,"[0.6581, 0.33144411444664]","[0.7007297873497009, 1.0009119510650635]",LIME,deep_qwen,False
error_67_NegateRelation,8,accept,"[0.6141, 0.580773115158081, 0.2959135174751282, 0.45702677965164185, 0.5033590793609619, 0.35574349761009216, 0.6476894021034241, 0.3618195652961731, 0.6068779230117798]","[0.6428260803222656, 1.1309335231781006, 1.2075374126434326, 1.1167794466018677, 1.1267509460449219, 0.9992151260375977, 0.9895045161247253, 1.1191281080245972, 0.8990952372550964]",Integrated Gradients,deep_qwen,False
error_80_InsertHallucination,1,accept,"[0.7157, 0.574898898601532]","[0.5653063654899597, 0.8748248815536499]",Integrated Gradients,deep_qwen,False
error_49_InsertHallucination,1,accept,"[0.7965, 0.261597603559494]","[0.54170161485672, 1.2713868618011475]",Integrated Gradients,deep_qwen,False
error_58_InsertHallucination,1,accept,"[0.7163, 0.5612850785255432]","[0.6227971911430359, 0.8837913274765015]",Integrated Gradients,deep_qwen,False
error_83_OmitFeature,6,accept,"[0.6006, 0.29747775197029114, 0.4334597587585449, 0.3631952106952667, 0.3861754238605499, 0.1985582858324051, 0.23394425213336945]","[0.6163784861564636, 1.0562807321548462, 1.1625127792358398, 1.0350252389907837, 1.0845859050750732, 0.9333390593528748, 0.5995160341262817]",EBM,deep_qwen,False
error_118_OmitFeature,3,accept,"[0.6121, 0.558313250541687, 0.47812163829803467, 0.46493205428123474]","[0.603559136390686, 1.3010045289993286, 1.2267550230026245, 0.9353663921356201]",LIME,deep_qwen,False
error_57_OmitFeature,3,accept,"[0.689, 0.38137486577033997, 0.5577157139778137, 0.39226046204566956]","[0.6542420983314514, 0.9993526935577393, 1.1152907609939575, 1.0057768821716309]",LIME,deep_qwen,False
error_44_InsertHallucination,1,accept,"[0.7524, 0.31974509358406067]","[0.5983629822731018, 0.9614068865776062]",Integrated Gradients,deep_qwen,False
error_92_OmitFeature,2,accept,"[0.5835, 0.2534257471561432, 0.448916494846344]","[0.5961415767669678, 0.9729852080345154, 0.9435173273086548]",EBM,deep_qwen,False
error_20_InsertHallucination,2,accept,"[0.6781, 0.4096561670303345, 0.4295957684516907]","[0.7015302777290344, 1.1436545848846436, 0.8903887867927551]",Integrated Gradients,deep_qwen,False
error_35_OmitFeature,2,accept,"[0.6618, 0.5248000621795654, 0.4511254131793976]","[0.630568265914917, 0.9084113836288452, 0.7546960711479187]",EBM,deep_qwen,False
error_140_OmitFeature,1,accept,"[0.6461, 0.4254358410835266]","[0.6736005544662476, 0.9754461646080017]",EBM,deep_qwen,False
error_187_InsertHallucination,2,accept,"[0.6837, 0.543925940990448, 0.46078282594680786]","[0.6090130805969238, 0.8162686228752136, 0.8740154504776001]",Integrated Gradients,deep_qwen,False
error_55_OmitFeature,1,accept,"[0.6275, 0.45507508516311646]","[0.6444968581199646, 1.2134284973144531]",LIME,deep_qwen,False
error_77_InsertHallucination,1,accept,"[0.6282, 0.20107024908065796]","[0.6594523787498474, 0.808018147945404]",Integrated Gradients,deep_qwen,False
error_37_OmitFeature,2,accept,"[0.5401, 0.26526564359664917, 0.282011479139328]","[0.6807344555854797, 1.1699268817901611, 1.1577281951904297]",EBM,deep_qwen,False
error_123_InsertHallucination,1,accept,"[0.7236, 0.6336890459060669]","[0.6586341857910156, 1.104831337928772]",Integrated Gradients,deep_qwen,False
error_186_InsertHallucination,2,accept,"[0.5134, 0.2623010575771332, 0.1978759467601776]","[0.7315360307693481, 1.002992033958435, 0.889413595199585]",Integrated Gradients,deep_qwen,False
error_127_InsertHallucination,7,accept,"[0.6202, 0.2200631946325302, 0.6153426766395569, 0.6636154651641846, 0.2867073714733124, 0.5426178574562073, 0.38943737745285034, 0.5131655931472778]","[0.6183494329452515, 1.2416201829910278, 0.8983532786369324, 1.0882192850112915, 1.0722514390945435, 0.9760905504226685, 0.8823646306991577, 1.1499638557434082]",Integrated Gradients,deep_qwen,False
error_179_InsertHallucination,2,accept,"[0.7334, 0.6508933305740356, 0.5223567485809326]","[0.6403743028640747, 1.2139111757278442, 1.005708932876587]",Integrated Gradients,deep_qwen,False
error_146_InsertHallucination,1,accept,"[0.5371, 0.6227186918258667]","[0.7615212798118591, 0.8609380125999451]",LIME,deep_qwen,False
error_47_NegateRelation,1,accept,"[0.6875, 0.4547272026538849]","[0.5558478832244873, 0.9852856993675232]",LIME,deep_qwen,False
error_99_InsertHallucination,6,accept,"[0.7486, 0.5861992239952087, 0.8180238604545593, 0.5348886847496033, 0.45206740498542786, 0.538581132888794, 0.5675052404403687]","[0.5691825151443481, 0.9285562038421631, 1.1219602823257446, 1.1820297241210938, 1.0541670322418213, 1.1024703979492188, 1.016040563583374]",Integrated Gradients,deep_qwen,False
gradcampp_sample2_output_explanation_mut4,1,accept,"[1.1, 0.698767364025116]","[1.0, 1.1141763925552368]",Grad-Cam++,deep_qwen,True
gradcampp_sample2_output_explanation_mut6,1,accept,"[1.1, 0.2803102433681488]","[1.0, 0.8457878232002258]",Grad-Cam++,deep_qwen,True
gradcampp_sample2_output_explanation_mut3,1,accept,"[1.1, 0.727220892906189]","[1.0, 1.0866947174072266]",Grad-Cam++,deep_qwen,True
gradcampp_sample2_output_explanation_mut5,1,accept,"[1.1, 0.6160333752632141]","[1.0, 1.1236464977264404]",Grad-Cam++,deep_qwen,True
gradcampp_sample2_output_explanation_mut2,1,accept,"[1.1, 0.6061919927597046]","[1.0, 0.8508409261703491]",Grad-Cam++,deep_qwen,True
gradcampp_sample2_output_explanation_mut1,1,accept,"[1.1, 0.49491533637046814]","[1.0, 0.9219124913215637]",Grad-Cam++,deep_qwen,True
int_gradients_sample198_output_explanation_mut4,2,accept,"[1.1, 0.5798754692077637, 0.28331902623176575]","[1.0, 0.6575025916099548, 0.6278067231178284]",Integrated Gradients,deep_qwen,True
int_gradients_sample198_output_explanation_mut6,4,accept,"[1.1, 0.2693985104560852, 0.5099303126335144, 0.2968110740184784, 0.3333076536655426]","[1.0, 0.6701014041900635, 0.559050977230072, 1.1560331583023071, 0.9538787007331848]",Integrated Gradients,deep_qwen,True
int_gradients_sample198_output_explanation_mut3,1,accept,"[1.1, 0.5013848543167114]","[1.0, 0.9556455016136169]",Integrated Gradients,deep_qwen,True
int_gradients_sample198_output_explanation_mut1,6,accept,"[1.1, 0.3120585083961487, 0.4770871698856354, 0.27319231629371643, 0.46270617842674255, 0.3586812913417816, 0.3202102482318878]","[1.0, 1.1056344509124756, 0.7320380210876465, 0.6841936111450195, 0.6619224548339844, 0.9155072569847107, 0.84007328748703]",Integrated Gradients,deep_qwen,True
int_gradients_sample198_output_explanation_mut5,7,accept,"[1.1, 0.39182958006858826, 0.42285457253456116, 0.5416918992996216, 0.34816619753837585, 0.7687357068061829, 0.47390392422676086, 0.2917773127555847]","[1.0, 0.9154150485992432, 0.7874423861503601, 0.8296712636947632, 0.7431737780570984, 1.085900068283081, 1.0475718975067139, 0.6116123199462891]",Integrated Gradients,deep_qwen,True
int_gradients_sample198_output_explanation_mut2,10,reject,"[1.1, 0.7197130918502808, 0.44374310970306396, 0.6241438388824463, 0.37132424116134644, 0.45731320977211, 0.476992130279541, 0.36045292019844055, 0.41550204157829285, 0.35118815302848816, 0.5055475831031799]","[1.0, 1.0430186986923218, 0.7989487051963806, 1.1185492277145386, 1.1643447875976562, 1.1967452764511108, 0.574965238571167, 0.9048000574111938, 0.5888963937759399, 0.8650094270706177, 0.8319359421730042]",Integrated Gradients,deep_qwen,True
LIME_diamonds.out_explanation_mut4,2,accept,"[1.1, 0.6478147506713867, 0.2514677345752716]","[1.0, 1.1552306413650513, 0.7478634119033813]",LIME,deep_qwen,True
LIME_diamonds.out_explanation_mut3,5,accept,"[1.1, 0.8817673325538635, 0.3647772967815399, 2.9748251861860808e-08, 0.2666129171848297, 0.518502414226532]","[1.0, 1.317923903465271, 1.3996384143829346, 0.8897694945335388, 1.2828338146209717, 1.1904699802398682]",LIME,deep_qwen,True
LIME_diamonds.out_explanation_mut1,2,accept,"[1.1, 0.8832889199256897, 0.6300312876701355]","[1.0, 1.2545113563537598, 1.0380114316940308]",LIME,deep_qwen,True
LIME_diamonds.out_explanation_mut5,1,accept,"[1.1, 0.7973664402961731]","[1.0, 1.2093018293380737]",LIME,deep_qwen,True
LIME_diamonds.out_explanation_mut2,7,accept,"[1.1, 0.3405798077583313, 1.7463513302118372e-08, 3.0861880162547095e-08, 4.807839459886054e-08, 2.1737340816230244e-08, 1.3592159398001513e-08, 0.5176386833190918]","[1.0, 1.330730676651001, 0.9053424596786499, 1.023956298828125, 0.8745630383491516, 1.0465762615203857, 0.7711209654808044, 1.0769646167755127]",LIME,deep_qwen,True
LIME_diamonds.out_explanation_mut6,1,accept,"[1.1, 0.4722248613834381]","[1.0, 1.0753382444381714]",LIME,deep_qwen,True
wine.EBM.out_explanation_mut4,1,accept,"[1.1, 0.6493850350379944]","[1.0, 1.0164737701416016]",EBM,deep_qwen,True
wine.EBM.out_explanation_mut5,6,accept,"[1.1, 0.9491567015647888, 1.863986476280388e-08, 4.1107771409087945e-08, 3.047815511081353e-08, 0.37247076630592346, 0.3963155150413513]","[1.0, 1.2426953315734863, 0.9167240262031555, 0.647874116897583, 0.8513087630271912, 1.087488055229187, 0.624512791633606]",EBM,deep_qwen,True
wine.EBM.out_explanation_mut6,1,accept,"[1.1, 0.3650468587875366]","[1.0, 1.0704758167266846]",EBM,deep_qwen,True
wine.EBM.out_explanation_mut3,5,accept,"[1.1, 0.2355237752199173, 0.359004408121109, 2.6596644886467402e-08, 0.5088469386100769, 0.3093537986278534]","[1.0, 1.3250046968460083, 1.379929780960083, 1.0383483171463013, 1.2645618915557861, 1.0903029441833496]",EBM,deep_qwen,True
wine.EBM.out_explanation_mut2,3,accept,"[1.1, 0.3804210424423218, 0.2970181107521057, 0.24974744021892548]","[1.0, 1.0719966888427734, 1.326684832572937, 1.0194060802459717]",EBM,deep_qwen,True
wine.EBM.out_explanation_mut1,3,accept,"[1.1, 0.4474416673183441, 0.44615355134010315, 0.3537028133869171]","[1.0, 1.2356852293014526, 0.8847521543502808, 0.7625885009765625]",EBM,deep_qwen,True
shap_acs_output_explanation_mut2,1,accept,"[1.1, 0.2245132178068161]","[1.0, 0.9653604626655579]",SHAP,deep_qwen,True
shap_acs_output_explanation_mut6,1,accept,"[1.1, 0.2657848596572876]","[1.0, 0.6880286335945129]",SHAP,deep_qwen,True
shap_acs_output_explanation_mut3,2,accept,"[1.1, 0.7409611940383911, 0.39784079790115356]","[1.0, 1.1047242879867554, 0.9013325572013855]",SHAP,deep_qwen,True
shap_acs_output_explanation_mut5,3,accept,"[1.1, 0.1940360814332962, 0.39654216170310974, 0.274552583694458]","[1.0, 0.9894856214523315, 1.30445396900177, 0.9289231896400452]",SHAP,deep_qwen,True
shap_acs_output_explanation_mut4,1,accept,"[1.1, 0.3605528175830841]","[1.0, 0.9143818616867065]",SHAP,deep_qwen,True
shap_acs_output_explanation_mut1,3,accept,"[1.1, 3.866632170002049e-08, 0.4806434214115143, 0.26566633582115173]","[1.0, 1.0699995756149292, 1.190360188484192, 0.8368687033653259]",SHAP,deep_qwen,True
